JULIA;GARCIA;Carrer Barcelona;Grau en Administracio i Direccio d'Empreses;Afganistan;Abrera;apple.com;Oficials de les forces armades;Novartis farmaceutica sau;aigua
MARC;LOPEZ;Carrer del Cami Ral;Grau en Animacio;Aland;Ager;www.google.com;Sotsoficials de les forces armades;Schneider electric espanya, sa;alabastre
NIL;VILA;Carrer Costa;Grau en Antropologia i Evolucio Humana;Albania;Agramunt;youtube.com;Tropa i marineria de les forces armades;Nissan motor iberica sa;alatza
POL;MARTINEZ;Carrer de Dalt;Grau en Antropologia Social i Cultural;Alemanya;Aguilar de Segarra;support.google.com;Membres del poder executiu (nacional, autonomic i local) i dels cossos legislatius;Danone, sa;amaranti
JAN;SANCHEZ;Carrer de les Deveses;Grau en Arqueologia;Algeria;Agullana;microsoft.com;Personal directiu de l'Administracio publica;Sanofi aventis sa;ambre
LEO;PEREZ;Carrer Espiguet;Grau en Arquitectura;Andorra;Aiguafreda;play.google.com;Directors d'organitzacions d'interes social;Quimidroga sa;ametista
MARTINA;RODRIGUEZ;Plasa de la Font;Grau en Arquitectura Tecnica i Edificacio;Angola;Aiguamurcia;www.blogger.com;Directors generals i presidents executius;Campa iberia sociedad anonima;ant
MIA;GONZALEZ;Carrer del Forn;Grau en Arts;Anguilla;Aiguaviva;linkedin.com;Directors financers;Sociedad anonima damm;argent
EMMA;SERRA;Carrer Fosc;Grau en Arts Digitals;Antigua i Barbuda;Aitona;mozilla.org;Directors de recursos humans;Audi retail bcn sa;atzabegenc
LUCIA;FERNANDEZ;Carrer Gran;Grau en Arts Esceniques;Antilles Neerlandeses;Alamus;cloudflare.com;Directors de politiques i planificacio i d'altres departaments administratius ncaa;Ercros, sa;atzur
PAU;FONT;Carrer Marenxina;Grau en Arts i Disseny;Arabia Saudi;Alas i Cerc;youtu.be;Directors comercials i de vendes;Grifols sa;bai
ALEX;SOLER;Carrer del Mig;Grau en Belles Arts;Argentina;Albages;wordpress.org;Directors de publicitat i relacions publiques;Torraspapel sa;banus
SOFIA;CODINA;Carrer d'Organya;Grau en Bioenginyeria;Armenia;Albanya;docs.google.com;Directors de recerca i desenvolupament;Vall companys sau;beix
ONA;ROVIRA;Carrer la Plasa;Grau en Bioinformatica;Aruba;Albatarrec;maps.google.com;Directors de produccio d'explotacions agropecuaries i forestals;Almirall sa;bistre
MARTI;PUJOL;Carrer del Portal;Grau en Biologia;Australia;Albesa;en.wikipedia.org;Directors de produccio d'explotacions pesqueres i aquicoles;Autopistas concesionaria espanyola sa;blanc
BIEL;SALA;Baixada del Riu;Grau en Biologia Ambiental;Austria;Albi;europa.eu;Directors d'industries manufactureres;Caixabank tech s.l.;blanc trencat
HUGO;PUIG;Passatge de Sant Roc;Grau en Biologia Humana;Azerbaidjan;Albinyana;bp.blogspot.com;Directors d'explotacions mineres;Henkel iberica sa;blanc d'os
LIAM;RUIZ;Carrer de Sota;Grau en Bioquimica;Bahames, les;Albiol;drive.google.com;Directors d'empreses d'abastament, transport, distribucio i similars;Basell poliolefinas iberica slu;blanc de closca d'ou
MARIA;JIMENEZ;Carrer Unic;Grau en Bioquimica i Biologia Molecular;Bahrain;Albons;sites.google.com;Directors d'empreses de construccio;Meroil, sa;blanc perla
ERIC;COSTA;Avinguda d'Abrera;Grau en Biotecnologia;Bangladesh;Alcanar;whatsapp.com;Directors de serveis de tecnologies de la informacio i la comunicacio (TIC);Nedgia catalunya s.a.;blau
BRUNO;GOMEZ;Carrer de les Agudes;Grau en Business Intelligence and Data Analytics (docencia en angles);Barbados;Alcano;googleusercontent.com;Directors de serveis socials per a infants;Roca sanitario sa;blau acer
MATEO;RIERA;Passatge d'Albereda;Grau en Ciencia de Dades Aplicada;Belarus;Alcarras;accounts.google.com;Directors gerents de centres sanitaris;Ferrer internacional sa;blau cel
ARNAU;ROCA;Carrer de l'Alzina;Grau en Ciencia i Enginyeria de Dades;Belgica;Alcoletge;adobe.com;Directors de serveis socials per a persones grans;Hennes and mauritz sl;blau d'ultramar
LAIA;SOLA;Carrer de l'Ametlla;Grau en Ciencia i Produccio Animal;Belize;Alcover;plus.google.com;Directors de serveis socials ncaa;Aigues de barcelona, empresa metropolitana de gestio del cicle integral de l'aigua sa;blau de cobalt
PAULA;PRAT;Carrer dels Ametllers;Grau en Ciencia i Tecnologia dels Aliments;Benin;Aldea;istockphoto.com;Directors de serveis d'educacio;Comsa sa;blau de Paris
ABRIL;SINGH;Carrer d'Andalusia;Grau en Ciencia Politica i Gestio Publica;Bermudes;Aldover;vimeo.com;Directors de sucursals de bancs, de serveis financers i d'assegurances;Fomento de construcciones y contratas sa;blau de Prussia
AINA;CASAS;Carrer de l'Aneto;Grau en Ciencia, Tecnologia i Humanitats;Bhutan;Aleixar;t.me;Directors d'altres empreses de serveis professionals ncaa;Acsa obras e infraestructuras sau;blau electric
LUCAS;MUNYOZ;Plasa d'Anselm Clave;Grau en Ciencies;Bolivia;Alella;uol.com.br;Directors i gerents d'hotels;Acciona facility services sa;blau mari
CHLOE;MAS;Carrer d'Antoni Gaudi;Grau en Ciencies Ambientals;Bonaire, Sint Eustatius i Saba;Alfara de Carles;amazon.com;Directors i gerents d'altres empreses de serveis d'allotjament;Havas media group spain sau;bordeus
MAX;MARTIN;Carrer d'Antonio Machado;Grau en Ciencies Biomediques;Bosnia i Hercegovina;Alfarras;facebook.com;Directors i gerents de restaurants;Cuatrecasas goncalves pereira slp;bronze
ENZO;VERDAGUER;Carrer d'Arago;Grau en Ciencies Culinaries i Gastronomiques;Botswana;Alfes;github.com;Directors i gerents de bars, cafeteries i similars;Covestro sl.;bru
JANA;MORENO;Carrer d'Asturies;Grau en Ciencies de l'Activitat Fisica i de l'Esport;Brasil;Alforja;vk.com;Directors i gerents d'empreses de servei d'apats i altres empreses de restauracio;Amgen sa;burell
NOA;CAPDEVILA;Carrer del Baix Llobregat;Grau en Ciencies de l'Antiguitat;Brunei;Algerri;policies.google.com;Directors i gerents d'empreses de comers a l'engros;Isdin sa;camell
CARLA;HERNANDEZ;Carrer de Balaguer;Grau en Ciencies del Mar;Bulgaria;Alguaire;medium.com;Directors i gerents d'empreses de comers al detall;Factor energia sa;caqui
LIA;PARES;Carrer de les Balears;Grau en Ciencies Empresarials-Management;Burkina Faso;Alins;creativecommons.org;Directors i gerents d'empreses d'activitats recreatives, culturals i esportives;Holaluz-clidom s.a.;carabassa
ARLET;MOLIST;Carrer de Barcelona;Grau en Ciencies i Tecnologies Aplicades a l'Esport i l'Acondicionament Fisic;Burundi;Alio;paypal.com;Directors i gerents d'empreses de gestio de residus i altres empreses de serveis ncaa;Abasic sa;carmesi
GAEL;GUTIERREZ;Carrer del Bergueda;Grau en Ciencies i Tecnologies del Mar;Cambodja;Almacelles;search.google.com;Metges de familia;Groupe seb iberica, sa;carmi
ARAN;KAUR;Carrer del Besos;Grau en Ciencies Politiques;Camerun;Almatret;buydomains.com;Altres metges especialistes;T systems itc iberia sau;castany
OLIVIA;ROMERO;Carrer del Bosc;Grau en Ciencies Politiques i de l'Administracio;Canada;Almenar;wikimedia.org;Infermers no especialitzats;Coty spain sl;celadont
GALA;FERRER;Avinguda de Ca n'Amat;Grau en Ciencies Socials;Cap Verd;Almoster;tools.google.com;Infermers especialitzats (excepte infermers obstetricoginecologics);Companyia cervecera damm sl;cendra
SARA;DIAZ;Carrer de la Camelia;Grau en Cinematografia;Colombia;Alos de Balaguer;brandbucket.com;Infermers obstetricoginecologics;Caixabank operational services s.a.;ceruli
ALEIX;TORRES;Carrer de Can Moragues;Grau en Comptabilitat i Finances;Comores, les;Alp;cnn.com;Veterinaris;Cultivar sa;cian
ROC;COMAS;Travessera de Can Morral;Grau en Comunicacio;Congo;Alpens;draft.blogger.com;Farmaceutics;Comercial quimica masso sa;cinabri
LUCA;CAMPS;Carrer de Can Morral del Riu;Grau en Comunicacio Audiovisual;Corea del Nord;Alpicat;theguardian.com;Odontolegs i estomatolegs;Ibericar barcelona premium sl.;color d'ala de mosca
ADAM;SERRAT;Carrer de Can Noguera;Grau en Comunicacio Audiovisual i Multimedia;Corea del Sud;Alt Aneu;www.yahoo.com;Fisioterapeutes;Riera roura sl;color de catxumbo
LARA;ALVAREZ;Cami de Can Pous;Grau en Comunicacio Cultural;Costa d'Ivori;Altafulla;developers.google.com;Dietistes i nutricionistes;Editorial planeta sa;color de gos com fuig
VALERIA;CASALS;Cami de Can Socarrats;Grau en Comunicacio i Periodisme Audiovisuals;Costa Rica;Amer;line.me;Logopedes;Miquel y costas i miquel sa;color de merda d'oca
CLAUDIA;ORTEGA;Carrer de Can Torres;Grau en Comunicacio Interactiva;Croacia;Ametlla de Mar;files.wordpress.com;Optics optometristes;Ravago chemicals spain s.a.;corall
THIAGO;NAVARRO;Carrer de la Candelera;Grau en Conservacio - Restauracio de Bens Culturals;Cuba;Ametlla del Valles;dan.com;Terapeutes ocupacionals;Hagalo sa;crema
ALMA;ARUMI;Carrer del Canigo;Grau en Continguts Digitals Interactius;Curasao;Ampolla;myspace.com;Podolegs;Cimpress espanya sl.;escarlata
KAI;CASANOVAS;Carrer de Cantabria;Grau en Creacio Artistica per a Videojocs i Jocs Aplicats;Dinamarca;Amposta;jimdofree.com;Professionals de la salut i la higiene laboral i ambiental;Comsa instalaciones y sistemas industriales sa;falb
BRUNA;VINYAS;Carrer de les Canaries;Grau en Criminologia;Djibouti;Angles;google.es;Altres professionals de la salut ncaa;Salvat logistica sa;fucsia
DANIEL;MOLINA;Carrer del Cardener;Grau en Criminologia i Politiques Publiques de Prevencio;Dominica;Anglesola;www.weebly.com;Professors d'universitat i ensenyament superior (excepte de formacio professional);Hermes logistica sa;glauc
VALENTINA;AGUILAR;Carrer del Carrilet;Grau en Criminologia i Seguretat;Egipte;Arbeca;issuu.com;Professors de formacio professional (materies especifiques);Inmo criteria caixa sa.;grana
IAN;FARRES;Passatge del Casal;Grau en Digital Media (Comunicacio Digital);El Salvador;Arbos;dailymotion.com;Professors d'ensenyament secundari (excepte de materies especifiques de formacio professional);Maritima del mediterraneo sau;granat
DANIELA;RAMIREZ;Carrer de Casamada;Grau en Direccio d'Empreses Tecnologiques;Emirats Arabs Units, els;Arboli;slideshare.net;Professors d'ensenyament primari;Csl behring sa;gris
MOHAMED;RIFA;Passatge de Casamada;Grau en Direccio Hotelera;Equador;Arbucies;google.co.jp;Mestres d'educacio infantil;Laboratorio echevarne sa.;gris de payne
AMIRA;SERRANO;Plasa del Castell de Voltrera;Grau en Disseny;Eritrea;Arenys de Mar;youronlinechoices.com;Tecnics en educacio infantil;Companyia general carnia sa;groc
NORA;COLL;Cami del Castell de Voltrera;Grau en Disseny Digital i Tecnologies Creatives;Eslovaquia;Arenys de Munt;feedburner.com;Professors d'educacio especial;Akzo nobel car refinishes sl (extinguida);groc de cadmi
NOAH;COMA;Carrer del Castell de Voltrera;Grau en Disseny i Creacio Digitals;Eslovenia;Argelaguer;google.de;Tecnics educadors d'educacio especial;Harinera la meta, sau;groc de l'India
AMIR;ORTIZ;Carrer de Castella - La Manxa;Grau en Disseny i Desenvolupament de Videojocs;Espanya;Argensola;imdb.com;Especialistes en metodes didactics i pedagogics;Idfinance spain sa;groc de Napols
DAVID;COLOMER;Carrer de Castella i Lleo;Grau en Disseny i Innovacio de Negocis Digitals;Estats Units, els;Argentera, l';globo.com;Professors d'ensenyament no reglat d'idiomes;Mogauto sa;groc llimona
MARTIN;CASELLAS;Carrer de Castellbisbal;Grau en Disseny i Produccio de Videojocs;Estonia;Argentona;who.int;Professors d'ensenyament no reglat de musica i dansa;Multiserveis ndavant sl.;gules
LOLA;VILARO;Avinguda de Catalunya;Grau en Disseny, Animacio i Art Digital;Etiopia;Armentera;pt.wikipedia.org;Professors d'ensenyament no reglat d'art;Sqm iberian sa.;indi
ALBA;BOSCH;Cami del Cementiri;Grau en Dret;Feroe;Arnes;nih.gov;Instructors d'ensenyament no reglat en tecnologies de la informacio;Nabalia energia 2000 sa;jade
AITANA;MOLAS;Carrer de la Cerdanya;Grau en Economia;Fiji;Arres;gstatic.com;Professionals de l'educacio ambiental;Bargosa sa;lila
VERA;CASTILLO;Avinguda de la Circumvallacio;Grau en Economia i Gestio;Filipines;Arseguel;forbes.com;Altres professors i professionals de l'ensenyament ncaa;Gm fuel iberica sl.;llicorella
DYLAN;RUBIO;Carrer de Collbato;Grau en Economia i Filosofia ;Finlandia;Artes;fr.wikipedia.org;Fisics i astronoms;Simon sau;magenta
JORDI;CASTELLS;Carrer de Colom;Grau en Educacio Infantil;Fransa;Artesa de Lleida;bbc.co.uk;Meteorolegs;Motul iberica sa;malaquita
OLIVER;ROMA;Carrer del Congost;Grau en Educacio Primaria;Gabon;Artesa de Segre;dropbox.com;Quimics;Premium mix group sl.;malva
ZOE;PLA;Plasa de la Constitucio;Grau en Educacio Social;Gambia;Asco;mail.ru;Geolegs i geofisics;Corpedificacions sl;maragda
AXEL;CARRERA;Plasa de la Creu;Grau en Empresa i Tecnologia;Georgia;Aspa;enable-javascript.com;Matematics i actuaris;Frieslandcampina iberia sl;morat
VEGA;DELGADO;Carrer Curt;Grau en Empresa Internacional;Ghana;Avellanes i Santa Linya, les;nytimes.com;Estadistics;Transport sanitari de catalunya sl;mostassa
MAR;VIDAL;Carrer de Darwin;Grau en Enginyeria Agraria i Alimentaria;Gibraltar;Avia;es.wikipedia.org;Biolegs, botanics, zoolegs i similars;Ecoveritas sa;negre
CARLOTA;POU;Plasa del Doctor Trueta;Grau en Enginyeria Agroalimentaria;Grecia;Avinyo;live.com;Enginyers agronoms;Pgi spain slu;ocre
RAYAN;HOMS;Carrer de l'Emporda;Grau en Enginyeria Alimentaria;Grenada;Avinyonet de Puigventos;google.com.br;Enginyers forestals;Nutrition i sante iberia sl;oliva
CLARA;COROMINAS;Avinguda de l'Energia;Grau en Enginyeria Ambiental;Groenlandia;Avinyonet del Penedes;gravatar.com;Enginyers tecnics agricoles;Candy hoover electrodomesticos sa;or
PABLO;RAMOS;Carrer de l'Era;Grau en Enginyeria Biomedica;Guadalupe;Badalona;news.google.com;Enginyers tecnics forestals i del medi natural;Zimmer biomet spain sl.;peixard
IVET;DOMENECH;Plasa de les Escoles;Grau en Enginyeria Civil;Guaiana Francesa;Badia del Valles;ok.ru;Professionals de la proteccio ambiental;Grupo ferrer internacional sa;pergami
ROGER;MORALES;Passeig de l'Esglesia;Grau en Enginyeria d'Automocio;Guam;Baga;bloomberg.com;Enolegs;Tesla spain sl.;perla
BERTA;PADROS;Plasa de l'Esglesia;Grau en Enginyeria de Ciencies Agronomiques;Guatemala;Baix Pallars;google.co.uk;Enginyers industrials i de produccio;Lindt y sprungli espanya sa;porpra
ELIA;MARTI;Carrer d'Esparreguera;Grau en Enginyeria de Dades;Guernsey;Balaguer;wa.me;Enginyers en construccio i obra civil;Zurich latin america holding sl;pressec
MARIO;BIGAS;Passeig de l'Estacio;Grau en Enginyeria de Disseny Industrial;Guinea;Balenya;indiatimes.com;Enginyers mecanics;Laboratorios leo pharma sa;pruna
GERARD;SANGLAS;Carrer de l'Estrella;Grau en Enginyeria de Disseny Industrial i Desenvolupament del Producte;Guinea Equatorial;Balsareny;fandom.com;Enginyers aeronautics;La vanguardia ediciones slu;robi
UNAI;DOMINGUEZ;Plasa d'Europa;Grau en Enginyeria de l'Automocio;Guinea-Bissau;Banyeres del Penedes;amazon.de;Enginyers quimics;Kemira iberica sa;rogent
ANNA;GRAU;Carrer d'Euskadi;Grau en Enginyeria de l'Energia;Guyana;Banyoles;thesun.co.uk;Enginyers de mines, metallurgics i similars;Henkel iberica operations sl.;roig
LLUC;SALVANS;Carrer d'Extremadura;Grau en Enginyeria de Materials;Haiti;Barbens;list-manage.com;Enginyers ambientals;Mogadealer sl;roig de Venecia
ALEJANDRO;PARAREDA;Carrer del Faig;Grau en Enginyeria de Recursos Minerals i el seu Reciclatge;Hondures;Barbera de la Conca;webmd.com;Enginyers ncaa;Motorsol sa;romer
GABRIEL;PONS;Carrer de Federico Garcia Lorca;Grau en Enginyeria de Sistemes Aeroespacials;Hong Kong, Xina;Barbera del Valles;google.it;Enginyers electrics;Marina barcelona 92 sa;rosa
JOAN;CARBONELL;Carrer de la Floresta;Grau en Enginyeria de Sistemes Audiovisuals;Hongria;Barcelona;hatena.ne.jp;Enginyers electronics;Romacar abs sl.;rua
BLANCA;BOIX;Carrer de la Florida;Grau en Enginyeria de Sistemes Biologics;Iemen, el;Baronia de Rialb, la;photos.google.com;Enginyers de telecomunicacions;Morales e hijos sa;sable
IZAN;MARIN;Carrer de la Font;Grau en Enginyeria de Sistemes i Serveis de Telecomunicacions;Illa de Man;Bascara;huffpost.com;Arquitectes (excepte arquitectes paisatgistes i urbanistes);Laboratorios grifols sa;safir
JOEL;SOLDEVILA;Carrer de Francesc Layret;Grau en Enginyeria de Sistemes TIC;Illa Norfolk;Bassella;aliexpress.com;Arquitectes paisatgistes;Nufarm espanya sa;safra
LINA;BLANCAFORT;Carrer de Frederica Montseny;Grau en Enginyeria de Tecnologies i Serveis de Telecomunicacio;Illes Caiman;Batea;telegraph.co.uk;Urbanistes i enginyers de transit;Abacus s.c. catalana limitada;salmo
MANUEL;MARTOS;Carrer de Galicia;Grau en Enginyeria de Xarxes de Telecomunicacio;Illes Cook;Bausen;pinterest.com;Enginyers geografs i cartografs;Arkspot bcn s.l.;sepia
GUILLEM;VILALTA;Carrer de la Gardenia;Grau en Enginyeria Electrica;Illes del Canal;Begues;tinyurl.com;Enginyers tecnics industrials i de produccio;Emergia contact center sl;siena
MARINA;CAMPRUBI;Passatge del Garraf;Grau en Enginyeria Electronica de Telecomunicacio;Illes Falkland (Malvines);Begur;independent.co.uk;Enginyers tecnics d'obres publiques;Autolica sa;siena cru
GINA;COLOM;Passatge de la Generalitat;Grau en Enginyeria Electronica Industrial i Automatica;Illes Marianes del Nord;Belianes;terra.com.br;Enginyers tecnics mecanics;Moet hennessy espanya sa;siena torrat
JULEN;CASTRO;Avinguda de la Generalitat;Grau en Enginyeria en Geoinformacio i Geomatica;Illes Marshall;Bellaguarda;un.org;Enginyers tecnics aeronautics;Romauto grup concessionaris sl;sinople
NOUR;GIL;Carrer de Girona;Grau en Enginyeria en Informatica;Illes Salomo;Bellcaire d'Emporda;ru.wikipedia.org;Enginyers tecnics quimics;Beton catalan sa;taronja
ADAY;MORA;Carrer de Goya;Grau en Enginyeria en Organitzacio Industrial;Illes Turks i Caicos;Bellcaire d'Urgell;archive.org;Enginyers tecnics de mines, metallurgics i similars;Transports de barcelona sa;terracota
ARIADNA;CRUZ;Cami dels Horts de Can Morral;Grau en Enginyeria en Sistemes Audiovisuals;Illes Verges Britaniques;Bell-lloc d'Urgell;foxnews.com;Enginyers tecnics ncaa;Union quimico farmaceutica sa ;tord
ERIK;GARRIDO;Carrer de l'Hostal del Pi;Grau en Enginyeria en Sistemes i Tecnologia Naval;Illes Verges dels Estats Units;Bellmunt d'Urgell;researchgate.net;Enginyers tecnics en electricitat;Serveis funeraris de barcelona sa;turquesa
NAIA;GARRIGA;Carrer Igualada;Grau en Enginyeria en Tecnologies Aeroespacials;India;Bellmunt del Priorat;goo.gl;Enginyers tecnics en electronica;Mattel espanya sa;verd
NICOLAS;TORRENTS;Carrer de la Industria;Grau en Enginyeria en Tecnologies Industrials;Indonesia;Bellprat;tripadvisor.com;Enginyers tecnics en telecomunicacions;Promotora diorama sl;verd de cadmi
ADRIAN;PLANAS;Carrer de Jacint Verdaguer;Grau en Enginyeria en Vehicles Aeroespacials;Iran;Bellpuig;wikihow.com;Arquitectes tecnics i tecnics urbanistes;Totalenergies petrochemicals iberica s.l.;verd de Scheele
JOSE;SOLE;Carrer de Jaume I;Grau en Enginyeria Fisica;Iraq, l';Bellvei;get.google.com;Dissenyadors de productes i peces de vestir;Laboratorios ern sa;verdet
TEO;BALDE;Carrer de Joan Miro;Grau en Enginyeria Forestal;Irlanda;Bellver de Cerdanya;www.gov.uk;Enginyers tecnics en topografia;Grupo constant servicios empresariales slu;vermell
ANTONIO;VIVET;Carrer de Josep Pla;Grau en Enginyeria Informatica;Islandia;Bellvis;domainmarket.com;Dissenyadors grafics i multimedia;Pescados videla sa;vermello
GRETA;DOT;Carrer de Josep Tarradellas;Grau en Enginyeria Informatica de Gestio i Sistemes d'Informacio;Israel;Benavent de Segria;amazon.co.uk;Advocats;Zona franca alari sepauto sa;violat
INDIA;CORTES;Carrer de Leonardo Da Vinci;Grau en Enginyeria Matematica en Ciencia de Dades;Italia;Benifallet;cdc.gov;Fiscals;Marina bcn distribucions sl;virolat
DIEGO;VILAR;Carrer del Lledoner;Grau en Enginyeria Matematica i Fisica;Jamaica;Benissanet;wikia.com;Jutges i magistrats;Ceva salud animal sa;vori
YOUSSEF;PUNTI;Carrer de Lleida;Grau en Enginyeria Mecanica;Japo;Berga;soundcloud.com;Notaris i registradors;Barentz iberia s.l.;xarxet
ALAN;TORRAS;Carrer de la Llibertat;Grau en Enginyeria Mecatronica;Jersey;Besalu;4shared.com;Procuradors;Adamo telecom iberia sa;zzz
VICTOR;CANO;Passatge del Lliri;Grau en Enginyeria Minera;Jordania;Bescano;tiktok.com;Secretaris judicials;Societat d'autopistes catalanes sa.;
ADRIA;COLLELL;Carrer del Lliri;Grau en Enginyeria Quimica;Kazakhstan;Beuda;cpanel.net;Altres professionals del dret ncaa;Base detall sport sa;
ANDER;TIO;Carrer del Llobregat;Grau en Enologia;Kenya;Bigues i Riells del Fai;businessinsider.com;Especialistes en comptabilitat;Perelada comercial sa;
MARCO;MARQUEZ;Avinguda de Lluis Companys;Grau en Estadistica;Kirguizstan;Biosca;google.pl;Assessors financers i en inversions;Union derivan sa;
ORIOL;JORDA;Carrer de Madrid;Grau en Estadistica Aplicada;Kiribati;Bisbal d'Emporda, la;ig.com.br;Analistes financers;Gm fuel atlantica sl.;
NINA;HIDALGO;Carrer de Magarola;Grau en Estudis Anglesos;Kosovo;Bisbal de Falset, la;shopify.com;Analistes de gestio i organitzacio;Team's motor sa;
NICO;AUMATELL;Carrer Major;Grau en Estudis Anglesos i Llengues Aplicades i Traduccio;Kuwait;Bisbal del Penedes, la;networkadvertising.org;Especialistes en administracio de politica d'empreses;Industrial tecnica pecuaria sa;
LUNA;TUNEU;Carrer Major de Santa Maria de Vilalba;Grau en Estudis Arabs i Hebreus;Lao;Biure;de.wikipedia.org;Especialistes de l'Administracio publica;Masol iberia biofuel sociedad limitada.;
ARITZ;MASRAMON;Carrer de Malgrat;Grau en Estudis d'Angles i Catala;Lesotho;Blancafort;news.yahoo.com;Especialistes en politiques i serveis de personal i similars;Asics iberia sl;
ELNA;LARA;Carrer de Manresa;Grau en Estudis d'Angles i de Classiques;Letonia;Blanes;yandex.ru;Especialistes en formacio de personal;Motor llansa sl;
IMRAN;EXPOSITO;Passatge de Manresa;Grau en Estudis d'Angles i Espanyol;Liban;Boadella i les Escaules;android.com;Tecnics d'empreses i activitats turistiques;Omega peripherals sl;
ALVARO;BOU;Carrer de Martorell;Grau en Estudis d'Angles i Frances;Liberia;Bolvir;pixabay.com;Professionals de les vendes tecniques i mediques (excepte TIC);Travelperk sl;
IRIS;MONTERO;Carrer de Mataro;Grau en Estudis d'Asia Oriental -Japones-;Libia;Bonastre;myaccount.google.com;Professionals de la publicitat i la comercialitzacio;Varia sagrera sl.;
QUIM;VAZQUEZ;Carrer de les Mates;Grau en Estudis d'Asia Oriental -Xines-;Liechtenstein;Bordes, Es;cbsnews.com;Professionals de les relacions publiques;Comersid steel sa.;
IRIA;PUJOLS;Carrer de Menorca;Grau en Estudis de Catala i Espanyol;Lituania;Bordils;estadao.com.br;Professionals de les vendes de tecnologies de la informacio i la comunicacio (TIC);Accent social sl.;
LAURA;CABANAS;Carrer de Menendez y Pelayo;Grau en Estudis de l'Arquitectura;Luxemburg;Borges Blanques, les;twitter.com;Analistes de sistemes;Baosteel espanya sl;
MAIA;NOGUERA;Carrer del Mestre Falla;Grau en Estudis d'Espanyol i Xines: Llengua, Literatura i Cultura;Macao, Xina;Borges del Camp, les;t.co;Analistes i dissenyadors de programari;Rituals cosmetics espanya sl.;
TRIANA;RAURELL;Carrer del Metall;Grau en Estudis Francesos;Macedonia;Borrassa;bit.ly;Analistes, programadors i dissenyadors de webs i de multimedia;Simon holding sl;
CANDELA;MEDINA;Carrer del Mig;Grau en Estudis Internacionals d'Economia i Empresa / International Business Economics (docencia en angles);Madagascar;Borreda;abril.com.br;Analistes i dissenyadors de programari i multimedia ncaa;Rank digital espanya sa.;
ELSA;CARMONA;Carrer del Migdia;Grau en Estudis Literaris;Malaisia;Bossost;mail.google.com;Dissenyadors i administradors de bases de dades;Caila i pares sa;
AARON;CANADELL;Carrer de Miraflors;Grau en Estudis Socioculturals de Genere;Malawi;Bot;w3.org;Administradors de sistemes i xarxes informatiques;Gedeon richter iberica sa;
ISAAC;FREIXA;Carrer de Mogent;Grau en Farmacia;Maldives;Botarell;fb.com;Analistes de xarxes informatiques;Deichmann calzados sl;
SAMUEL;CROSAS;Plasa de Moia;Grau en Filologia Catalana;Mali;Bovera;cnet.com;Especialistes en bases de dades i xarxes informatiques ncaa;Sociedad general de aguas de barcelona sau;
BLAI;FLORES;Carrer del Montseny;Grau en Filologia Catalana i Estudis Occitans;Malta;Brafim;picasaweb.google.com;Economistes;Editorial salvat sl;
VICTORIA;ANGLADA;Carrer de Montserrat;Grau en Filologia Catalana i Estudis Occitans i Llengues Aplicades i Traduccio;Marroc, el;Breda;telegram.me;Sociolegs, geografs, antropolegs, arqueolegs i similars;Serra soldadura sa;
AYA;COROMINA;Avinguda de la Moreneta;Grau en Filologia Catalana: Estudis de Literatura i Linguistica;Martinica;Bruc, el;usatoday.com;Filosofs, historiadors i professionals en ciencies politiques;Masternou sa;
LUA;CUNILL;Carrer de Murcia;Grau en Filologia Classica;Maurici;Brull, el;scribd.com;Psicolegs;Motocard bike sl;
DIDAC;VILAMALA;Carrer de Navarra;Grau en Filologia Hispanica;Mauritania;Brunyola i Sant Marti Sapresa;dailymail.co.uk;Agents d'igualtat d'oportunitats entre dones i homes;American nike sl;
IKER;ALSINA;Carrer del Nord;Grau en Filologia Hispanica i Llengues Aplicades i Traduccio;Mayotte;Cabaces;storage.googleapis.com;Professionals de la mediacio familiar i comunitaria;Laboratorios vinyas sa;
CLOE;NUNYEZ;Carrer Nou;Grau en Filosofia;Mexic;Cabanabona;elpais.com;Altres professionals del treball i l'educacio social;Alcoholes montplet sau;
HECTOR;AGUILERA;Carrer de Nuria;Grau en Filosofia, Politica i Economia;Micronesia;Cabanelles;change.org;Sacerdots de les diferents religions;Torribas sa;
LEIRE;BAULENAS;Carrer d'Olesa;Grau en Finances i Comptabilitat;Mosambic;Cabanes;shutterstock.com;Arxivers i conservadors de museus;Vifor pharma espanya sl.;
NEIZAN;CREUS;Carretera d'Olesa a Martorell;Grau en Fisica;Moldavia;Cabanyes, les;bbc.com;Bibliotecaris, documentalistes i similars;Peli products sl;
TOMAS;VILARDELL;Plasa de les Oliveres;Grau en Fisioterapia;Monaco;Cabo;it.wikipedia.org;Escriptors;Ficosa international, sa;
ADRIANA;SABORIT;Carrer de l'Om;Grau en Genetica;Mongolia;Cabra del Camp;mediafire.com;Periodistes;Temporal quality empresa de trabajo temporal sl;
ELENA;SURINYACH;Carrer de Pablo Picasso;Grau en Geografia;Montenegro;Cabrera d'Anoia;booking.com;Filolegs, interprets i traductors;Scutum logistic sl;
INES;CASADEVALL;Carrer de la Pagesia;Grau en Geografia i Ordenacio del Territori;Montserrat;Cabrera de Mar;reuters.com;Artistes d'arts plastiques i visuals;Primagas energia sa;
MALAK;ALONSO;Carrer de Palleja;Grau en Geografia, Analisi Territorial i Sostenibilitat;Myanmar;Cabrils;msn.com;Compositors, musics i cantants;Ferrer farma sa;
NURIA;PORTET;Plasa de Pau Casals;Grau en Geografia, Medi Ambient i Planificacio Territorial;Namibia;Cadaques;google.fr;Coreografs i ballarins;Bdo auditores slp;
YASMIN;CALVO;Carrer del Pais Valencia;Grau en Geografia, Ordenacio del Territori i Gestio del Medi Ambient;Nauru;Calaf;washingtonpost.com;Directors de cinema, teatre i similars;Servicios de transportes de automoviles y mercancias sa;
ANAS;OLIVA;Carrer del Penedes;Grau en Geologia;Nepal;Calafell;wsj.com;Actors;Velamen sa;
EVA;RICART;Carrer de Pere Valles;Grau en Gestio Aeronautica;Nicaragua;Calders;netvibes.com;Locutors de radio, televisio i altres presentadors;Agefred slu;
FATIMA;ROURA;Carrer del Pi;Grau en Gestio de Ciutats Intelligents i Sostenibles;Niger;Caldes d'Estrac;afternic.com;Professionals d'espectacles taurins;Consultorio dexeus sap;
JON;VILASECA;Carrer del Pintor Ribera;Grau en Gestio de la Comunicacio Global;Nigeria;Caldes de Malavella;amazon.es;Artistes creatius i interpretatius ncaa;Luis pares sl;
ANGEL;ALBA;Carrer dels Pirineus;Grau en Gestio d'Empreses en Comers i Distribucio;Niue;Caldes de Montbui;imageshack.us;Delineants i dibuixants tecnics;Kenogard sa;
MIGUEL;MIR;Carrer de Polinya;Grau en Gestio en Turisme i Hoteleria;Noruega;Calella;opera.com;Tecnics en ciencies fisiques i quimiques;Agrimares sl;
ANIOL;COMERMA;Carrer de Pompeu Fabra;Grau en Gestio Esportiva;Nova Caledonia;Calldetenes;forms.gle;Tecnics en construccio;Universal de panaderia y bolleria sl;
ARES;DURAN;Carrer de Ponent;Grau en Gestio Hotelera i Turistica;Nova Zelanda;Callus;namecheap.com;Tecnics en electricitat;Decal espanya sa;
ELOI;VERGES;Passatge de Premia;Grau en Gestio i Administracio Publica;Oman;Calonge de Segarra;ytimg.com;Tecnics en electronica (excepte en electromedicina);M flex de automocion 2019 s.l.;
OMAR;GUERRERO;Carrer del Priorat;Grau en Gestio Turistica i Hotelera;Paisos Baixos;Calonge i Sant Antoni;aboutads.info;Tecnics en electronica, especialitat en electromedicina;Osborne clarke espanya slp.;
ASTRID;VALLS;Carrer del Progres;Grau en Global Communication Management;Pakistan;Camarasa;samsung.com;Tecnics en mecanica;Eae-ostelea formacion online s.l.;
BERNAT;GODAYOL;Carrer del Puigmal;Grau en Governansa Global, Economia i Ordre Legal / Bachelor in Global Governance, Economics and Legal Order;Palau;Camarles;amazon.co.jp;Tecnics i analistes de laboratori en quimica industrial;Derypol sa;
HARON;NOGUE;Carrer de Purlom;Grau en Historia;Panama;Cambrils;plesk.com;Tecnics en metallurgia i mines;Clinica corachan sa;
MARCOS;PLADEVALL;Plasa de Rafael Casanova;Grau en Historia de l'Art;Papua Nova Guinea;Camos;nasa.gov;Tecnics en ciencies fisiques, quimiques, mediambientals i en enginyeries ncaa;Wl gore y asociados sl;
MARIAM;CARRASCO;Plasa del Rebato;Grau en Historia de l'Art i Arqueologia;Paraguai;Campdevanol;wp.com;Tecnics en installacions de produccio d'energia;Metropolitan spain sl;
CARMEN;CASTANY;Carrer del Rebato;Grau en Historia de l'Art i Gestio del Patrimoni Artistic;Peru;Campelles;office.com;Tecnics en installacions de tractament de residus, d'aigues i altres operadors de plantes similars;Corsa petfood sl;
HELENA;MORATO;Carrer de la Republica;Grau en Historia, Geografia i Historia de l'Art;Pitcairn;Campins;huffingtonpost.com;Tecnics en control d'installacions de processament de productes quimics;Levi strauss de espanya sa;
ALBERT;ROMEU;Cami de la Riera del Morral;Grau en Historia, Politica i Economia Contemporanies / Contemporary History, Politics and Economics (docencia bilingue);Polinesia Francesa;Campllong;nature.com;Tecnics de refineries de petroli i gas natural;Respira energia mediterrania s.a.;
YANIS;FUENTES;Cami del Riu;Grau en Humanitats;Polonia;Camprodon;mirror.co.uk;Tecnics en control de processos de produccio de metalls;Trans catala sl;
JOANA;VILARRASA;Carrer de la Rosa;Grau en Humanitats i Estudis Culturals;Portugal;Canejan;time.com;Tecnics en control de processos ncaa;Casmar electronica sa;
JUAN;ESTRADA;Passatge de la Rosa;Grau en Infermeria;Puerto Rico;Canet d'Adri;marketingplatform.google....;Tecnics en ciencies biologiques (excepte en arees sanitaries);Somfy espanya sa;
MARIONA;PARRAMON;Carrer de Rosalia de Castro;Grau en Informacio i Documentacio;Qatar;Canet de Mar;dreamstime.com;Tecnics agropecuaris;Cultipalta s.l.;
TASNIM;ARMENGOL;Carrer dels Rosers;Grau en Informatica i Serveis;Regne Unit;Canonja, la;abc.net.au;Tecnics forestals i del medi natural;Altrac europa sa.;
AFRICA;MORERA;Carrer del Roure;Grau en Innovacio i Seguretat Alimentaria;Republica Centreafricana;Canovelles;walmart.com;Caps i oficials de maquines;Clinica barceloneta sau.;
ALEXANDRA;CASACUBERTA;Carrer de Rubi;Grau en Intelligencia Artificial;Republica Democratica del Congo;Canoves i Samalus;newsweek.com;Capitans i oficials de pont;Llorens capdevila sa;
AYMAN;CIRERA;Cami dels Sagraments;Grau en Intelligencia Artificial / Artificial Intelligence (docencia en angles);Republica Dominicana;Cantallops;ssl-images-amazon.com;Pilots d'aviacio i professionals similars;Vetpharma animal health sl;
SANTIAGO;BUSQUETS;Carrer de Salvador Dali;Grau en International Business (docencia bilingue);Reunio, la;Canyelles;clickbank.net;Controladors de transit aeri;Nugafruits serveis de distribucio sa;
MATIAS;JUVANTENY;Carrer de Salvador Espriu;Grau en Linguistica;Romania;Capafonts;bandcamp.com;Tecnics en seguretat aeronautica;Mobel linea sl;
IRENE;RIVERA;Carrer de Salvador Segui;Grau en Llengua i Literatura Catalanes;Ruanda;Capsanes;m.wikipedia.org;Tecnics de control de qualitat de les ciencies fisiques, quimiques i de les enginyeries;Llet nostra alimentaria s.l.;
ISMAEL;CARALT;Passatge de Sant Ermengol;Grau en Llengua i Literatura Espanyoles;Russia;Capellades;lemonde.fr;Supervisors en enginyeria de mines;Edus om sl;
CARLOS;SEGALES;Carrer de Sant Ermengol;Grau en Llengua i Literatura Hispaniques;Sahara Occidental;Capmany;hollywoodreporter.com;Supervisors de la construccio;Peroxfarma sa.;
GALLA;TANYA;Carrer de Sant Esteve Sesrovires;Grau en Llengues Aplicades;Saint Helena, Ascencio i Tristan da Cunha;Capolat;ibm.com;Supervisors d'industries alimentaries i del tabac;Arcese espanya sau;
SALMA;VALENCIA;Carrer de Sant Frederic;Grau en Llengues Aplicades i Traduccio i Interpretacio -Angles-;Saint Kitts i Nevis;Cardedeu;economist.com;Supervisors d'industries quimica i farmaceutica;Transperfect translations sl;
AINARA;FRANQUESA;Avinguda de Sant Hilari;Grau en Llengues i Literatures Modernes;Saint Lucia;Cardona;biglobe.ne.jp;Supervisors d'industries de transformacio de plastics, cautxu i resines naturals;Contenosa sa;
AURA;TARRES;Passatge de Sant Jaume;Grau en Llengues Romaniques i les seves Literatures;Saint Vincent i les Grenadines;Carme;amzn.to;Supervisors d'industries de la fusta i de la pasta de paper;Adevinta iberica s.l.;
EIDEN;CANAL;Carrer de Sant Jaume;Grau en Logistica i Negocis Maritims;Saint-Barthelemy;Caseres;ftc.gov;Supervisors de la produccio en industries d'arts grafiques i en la fabricacio de productes de paper;Fruites montbui sl;
JAD;SUBIRANA;Carrer de Sant Joaquim;Grau en Logopedia;Saint-Martin;Cassa de la Selva;elmundo.es;Supervisors d'altres industries manufactureres;Metropolitana de obras y proyectos sl;
LEA;BASSAS;Ronda de Sant Jordi;Grau en Marqueting;Saint-Pierre-et-Miquelon;Casserres;thenai.org;Tecnics en radioterapia;Cedinsa concessionaria sa;
AINHOA;JURADO;Carrer de Sant Lluis;Grau en Marqueting i Comunicacio Digital;Samoa;Castell de l'Areny;oup.com;Tecnics en imatge per a la diagnosi;Wallapop spain sl.;
ALICIA;LOZANO;Cami de Sant Miquel;Grau en Marqueting i Comunicacio Empresarial;Samoa Americana;Castell de Mur;unicef.org;Tecnics en anatomia patologica i citologia;Planeta de agostini formacion slu;
ANA;ROSELL;Carrer de Sant Miquel;Grau en Marqueting i Comunitats Digitals;San Marino;Castellar de la Ribera;ietf.org;Tecnics en laboratori de diagnosi clinica;Serveis integrals de manteniment rubatec, sa;
ARYA;TERRICABRAS;Carrer de Sant Pau;Grau en Marqueting i Direccio Comercial;Santa Seu;Castellar de n'Hug;hp.com;Tecnics en ortoprotesis;Guzman gastronomia slu;
CELIA;ANDREU;Carrer de Sant Pere;Grau en Marqueting i Investigacio de Mercats;Sao Tome i Principe;Castellar del Riu;finance.yahoo.com;Tecnics en protesis dentals;Bieltex sl;
IBRAHIM;MACIA;Cami de Santa Maria de Vilalba;Grau en Marqueting Internacional;Senegal;Castellar del Valles;secureserver.net;Tecnics en audioprotesis;Aceb sa;
AMELIA;QUINTANA;Carrer de Santiago Rusinyol;Grau en Matematica Computacional i Analitica de Dades;Serbia;Castellbell i el Vilar;photos1.blogger.com;Tecnics superiors en higiene bucodental;Intergrano sl;
BRU;CODINACHS;Carrer del Segre;Grau en Matematiques;Seychelles;Castellbisbal;www.livejournal.com;Tecnics superiors en documentacio sanitaria;Ofistrade sa;